,time,traffic
0,2013-11-01 00:00:00,255.084
1,2013-11-01 01:00:00,166.14700000000002
2,2013-11-01 02:00:00,69.337
3,2013-11-01 03:00:00,50.323
4,2013-11-01 04:00:00,29.362
5,2013-11-01 05:00:00,43.92700000000001
6,2013-11-01 06:00:00,32.845
7,2013-11-01 07:00:00,57.719
8,2013-11-01 08:00:00,158.649
9,2013-11-01 09:00:00,208.9
10,2013-11-01 10:00:00,262.259
11,2013-11-01 11:00:00,298.515
12,2013-11-01 12:00:00,289.23
13,2013-11-01 13:00:00,278.92400000000004
14,2013-11-01 14:00:00,337.834
15,2013-11-01 15:00:00,275.408
16,2013-11-01 16:00:00,257.277
17,2013-11-01 17:00:00,274.425
18,2013-11-01 18:00:00,291.955
19,2013-11-01 19:00:00,387.57599999999996
20,2013-11-01 20:00:00,320.677
21,2013-11-01 21:00:00,312.642
22,2013-11-01 22:00:00,296.906
23,2013-11-01 23:00:00,251.486
24,2013-11-02 00:00:00,194.268
25,2013-11-02 01:00:00,78.62899999999998
26,2013-11-02 02:00:00,31.212
27,2013-11-02 03:00:00,18.213
28,2013-11-02 04:00:00,21.271
29,2013-11-02 05:00:00,16.695999999999998
30,2013-11-02 06:00:00,19.413
31,2013-11-02 07:00:00,65.42099999999999
32,2013-11-02 08:00:00,170.08
33,2013-11-02 09:00:00,239.544
34,2013-11-02 10:00:00,292.577
35,2013-11-02 11:00:00,293.322
36,2013-11-02 12:00:00,329.281
37,2013-11-02 13:00:00,325.32599999999996
38,2013-11-02 14:00:00,334.94199999999995
39,2013-11-02 15:00:00,341.56800000000004
40,2013-11-02 16:00:00,369.37800000000004
41,2013-11-02 17:00:00,408.477
42,2013-11-02 18:00:00,354.676
43,2013-11-02 19:00:00,311.97
44,2013-11-02 20:00:00,262.509
45,2013-11-02 21:00:00,229.144
46,2013-11-02 22:00:00,277.241
47,2013-11-02 23:00:00,205.54
48,2013-11-03 00:00:00,220.262
49,2013-11-03 01:00:00,110.204
50,2013-11-03 02:00:00,27.778000000000002
51,2013-11-03 03:00:00,24.221
52,2013-11-03 04:00:00,24.983
53,2013-11-03 05:00:00,21.574
54,2013-11-03 06:00:00,17.589000000000002
55,2013-11-03 07:00:00,25.585
56,2013-11-03 08:00:00,68.203
57,2013-11-03 09:00:00,135.844
58,2013-11-03 10:00:00,188.142
59,2013-11-03 11:00:00,182.604
60,2013-11-03 12:00:00,248.028
61,2013-11-03 13:00:00,208.91000000000003
62,2013-11-03 14:00:00,249.054
63,2013-11-03 15:00:00,215.97799999999998
64,2013-11-03 16:00:00,293.1310000000001
65,2013-11-03 17:00:00,285.387
66,2013-11-03 18:00:00,297.588
67,2013-11-03 19:00:00,280.738
68,2013-11-03 20:00:00,372.871
69,2013-11-03 21:00:00,270.194
70,2013-11-03 22:00:00,321.433
71,2013-11-03 23:00:00,206.977
72,2013-11-04 00:00:00,106.743
73,2013-11-04 01:00:00,59.733000000000004
74,2013-11-04 02:00:00,20.025
75,2013-11-04 03:00:00,11.204
76,2013-11-04 04:00:00,9.918
77,2013-11-04 05:00:00,19.191000000000006
78,2013-11-04 06:00:00,59.59
79,2013-11-04 07:00:00,142.25799999999998
80,2013-11-04 08:00:00,462.51199999999994
81,2013-11-04 09:00:00,605.46
82,2013-11-04 10:00:00,764.2330000000001
83,2013-11-04 11:00:00,711.1419999999999
84,2013-11-04 12:00:00,837.4970000000002
85,2013-11-04 13:00:00,775.5790000000002
86,2013-11-04 14:00:00,744.7560000000001
87,2013-11-04 15:00:00,702.7330000000001
88,2013-11-04 16:00:00,795.5939999999999
89,2013-11-04 17:00:00,763.347
90,2013-11-04 18:00:00,621.531
91,2013-11-04 19:00:00,525.097
92,2013-11-04 20:00:00,518.0419999999999
93,2013-11-04 21:00:00,388.55199999999996
94,2013-11-04 22:00:00,479.19800000000004
95,2013-11-04 23:00:00,244.2
96,2013-11-05 00:00:00,99.697
97,2013-11-05 01:00:00,38.692
98,2013-11-05 02:00:00,17.123
99,2013-11-05 03:00:00,12.618
100,2013-11-05 04:00:00,7.782999999999999
101,2013-11-05 05:00:00,15.31
102,2013-11-05 06:00:00,34.884
103,2013-11-05 07:00:00,174.84099999999998
104,2013-11-05 08:00:00,527.9209999999998
105,2013-11-05 09:00:00,743.326
106,2013-11-05 10:00:00,755.068
107,2013-11-05 11:00:00,800.37
108,2013-11-05 12:00:00,789.0110000000001
109,2013-11-05 13:00:00,815.6060000000001
110,2013-11-05 14:00:00,765.173
111,2013-11-05 15:00:00,637.552
112,2013-11-05 16:00:00,689.3510000000001
113,2013-11-05 17:00:00,659.4259999999998
114,2013-11-05 18:00:00,544.5
115,2013-11-05 19:00:00,597.37
116,2013-11-05 20:00:00,573.62
117,2013-11-05 21:00:00,495.54
118,2013-11-05 22:00:00,353.732
119,2013-11-05 23:00:00,335.5800000000001
120,2013-11-06 00:00:00,123.103
121,2013-11-06 01:00:00,53.358000000000004
122,2013-11-06 02:00:00,89.12299999999999
123,2013-11-06 03:00:00,10.515999999999998
124,2013-11-06 04:00:00,8.857999999999999
125,2013-11-06 05:00:00,37.943000000000005
126,2013-11-06 06:00:00,46.985
127,2013-11-06 07:00:00,264.996
128,2013-11-06 08:00:00,458.231
129,2013-11-06 09:00:00,588.092
130,2013-11-06 10:00:00,648.3140000000002
131,2013-11-06 11:00:00,676.305
132,2013-11-06 12:00:00,785.63
133,2013-11-06 13:00:00,780.1869999999999
134,2013-11-06 14:00:00,838.225
135,2013-11-06 15:00:00,751.847
136,2013-11-06 16:00:00,781.6489999999999
137,2013-11-06 17:00:00,641.4540000000001
138,2013-11-06 18:00:00,656.6310000000002
139,2013-11-06 19:00:00,557.4
140,2013-11-06 20:00:00,504.903
141,2013-11-06 21:00:00,455.85400000000004
142,2013-11-06 22:00:00,371.024
143,2013-11-06 23:00:00,292.27299999999997
144,2013-11-07 00:00:00,137.69299999999998
145,2013-11-07 01:00:00,56.77
146,2013-11-07 02:00:00,39.784
147,2013-11-07 03:00:00,31.906
148,2013-11-07 04:00:00,42.25100000000001
149,2013-11-07 05:00:00,41.238
150,2013-11-07 06:00:00,44.566
151,2013-11-07 07:00:00,219.567
152,2013-11-07 08:00:00,479.341
153,2013-11-07 09:00:00,728.6489999999999
154,2013-11-07 10:00:00,735.6669999999999
155,2013-11-07 11:00:00,911.197
156,2013-11-07 12:00:00,921.0010000000001
157,2013-11-07 13:00:00,812.0189999999999
158,2013-11-07 14:00:00,787.262
159,2013-11-07 15:00:00,750.1619999999999
160,2013-11-07 16:00:00,799.097
161,2013-11-07 17:00:00,619.804
162,2013-11-07 18:00:00,670.753
163,2013-11-07 19:00:00,650.0830000000001
164,2013-11-07 20:00:00,605.721
165,2013-11-07 21:00:00,413.79900000000004
166,2013-11-07 22:00:00,375.479
167,2013-11-07 23:00:00,289.583
168,2013-11-08 00:00:00,124.899
169,2013-11-08 01:00:00,53.613
170,2013-11-08 02:00:00,24.386
171,2013-11-08 03:00:00,9.131
172,2013-11-08 04:00:00,10.383
173,2013-11-08 05:00:00,23.459
174,2013-11-08 06:00:00,39.069
175,2013-11-08 07:00:00,135.667
176,2013-11-08 08:00:00,484.44800000000004
177,2013-11-08 09:00:00,727.3739999999999
178,2013-11-08 10:00:00,700.596
179,2013-11-08 11:00:00,807.3489999999999
180,2013-11-08 12:00:00,897.1200000000001
181,2013-11-08 13:00:00,870.4730000000001
182,2013-11-08 14:00:00,696.086
183,2013-11-08 15:00:00,762.5060000000002
184,2013-11-08 16:00:00,792.352
185,2013-11-08 17:00:00,776.11
186,2013-11-08 18:00:00,624.627
187,2013-11-08 19:00:00,562.322
188,2013-11-08 20:00:00,482.39599999999996
189,2013-11-08 21:00:00,399.47
190,2013-11-08 22:00:00,414.09
191,2013-11-08 23:00:00,283.756
192,2013-11-09 00:00:00,208.324
193,2013-11-09 01:00:00,137.658
194,2013-11-09 02:00:00,39.742
195,2013-11-09 03:00:00,17.747
196,2013-11-09 04:00:00,13.382
197,2013-11-09 05:00:00,30.554
198,2013-11-09 06:00:00,19.819000000000006
199,2013-11-09 07:00:00,67.146
200,2013-11-09 08:00:00,218.951
201,2013-11-09 09:00:00,298.207
202,2013-11-09 10:00:00,509.034
203,2013-11-09 11:00:00,503.615
204,2013-11-09 12:00:00,532.077
205,2013-11-09 13:00:00,458.20300000000003
206,2013-11-09 14:00:00,457.439
207,2013-11-09 15:00:00,428.81
208,2013-11-09 16:00:00,452.875
209,2013-11-09 17:00:00,589.5160000000002
210,2013-11-09 18:00:00,478.995
211,2013-11-09 19:00:00,459.905
212,2013-11-09 20:00:00,507.26199999999994
213,2013-11-09 21:00:00,403.79699999999997
214,2013-11-09 22:00:00,423.525
215,2013-11-09 23:00:00,570.0419999999999
216,2013-11-10 00:00:00,415.013
217,2013-11-10 01:00:00,196.754
218,2013-11-10 02:00:00,111.294
219,2013-11-10 03:00:00,30.078000000000007
220,2013-11-10 04:00:00,17.977
221,2013-11-10 05:00:00,18.787
222,2013-11-10 06:00:00,28.961
223,2013-11-10 07:00:00,61.876999999999995
224,2013-11-10 08:00:00,100.74600000000001
225,2013-11-10 09:00:00,164.865
226,2013-11-10 10:00:00,254.32299999999998
227,2013-11-10 11:00:00,236.44099999999997
228,2013-11-10 12:00:00,283.938
229,2013-11-10 13:00:00,262.583
230,2013-11-10 14:00:00,234.326
231,2013-11-10 15:00:00,300.791
232,2013-11-10 16:00:00,287.835
233,2013-11-10 17:00:00,352.395
234,2013-11-10 18:00:00,355.08099999999996
235,2013-11-10 19:00:00,382.57099999999997
236,2013-11-10 20:00:00,414.289
237,2013-11-10 21:00:00,296.349
238,2013-11-10 22:00:00,261.74
239,2013-11-10 23:00:00,161.40699999999995
240,2013-11-11 00:00:00,75.334
241,2013-11-11 01:00:00,35.844
242,2013-11-11 02:00:00,18.521
243,2013-11-11 03:00:00,11.885
244,2013-11-11 04:00:00,12.232000000000001
245,2013-11-11 05:00:00,8.869
246,2013-11-11 06:00:00,26.186999999999998
247,2013-11-11 07:00:00,145.405
248,2013-11-11 08:00:00,448.264
249,2013-11-11 09:00:00,613.817
250,2013-11-11 10:00:00,746.8839999999999
251,2013-11-11 11:00:00,802.6990000000002
252,2013-11-11 12:00:00,804.049
253,2013-11-11 13:00:00,914.492
254,2013-11-11 14:00:00,773.173
255,2013-11-11 15:00:00,726.706
256,2013-11-11 16:00:00,749.692
257,2013-11-11 17:00:00,619.3499999999998
258,2013-11-11 18:00:00,556.495
259,2013-11-11 19:00:00,524.616
260,2013-11-11 20:00:00,479.55699999999996
261,2013-11-11 21:00:00,356.404
262,2013-11-11 22:00:00,293.155
263,2013-11-11 23:00:00,200.123
264,2013-11-12 00:00:00,78.59899999999999
265,2013-11-12 01:00:00,49.193000000000005
266,2013-11-12 02:00:00,29.576
267,2013-11-12 03:00:00,11.744000000000002
268,2013-11-12 04:00:00,8.433
269,2013-11-12 05:00:00,17.121
270,2013-11-12 06:00:00,33.07599999999999
271,2013-11-12 07:00:00,139.639
272,2013-11-12 08:00:00,481.648
273,2013-11-12 09:00:00,660.5329999999999
274,2013-11-12 10:00:00,716.513
275,2013-11-12 11:00:00,687.3489999999998
276,2013-11-12 12:00:00,795.7310000000001
277,2013-11-12 13:00:00,866.092
278,2013-11-12 14:00:00,868.6360000000001
279,2013-11-12 15:00:00,713.487
280,2013-11-12 16:00:00,712.668
281,2013-11-12 17:00:00,647.711
282,2013-11-12 18:00:00,608.1610000000002
283,2013-11-12 19:00:00,588.806
284,2013-11-12 20:00:00,434.236
285,2013-11-12 21:00:00,534.757
286,2013-11-12 22:00:00,372.173
287,2013-11-12 23:00:00,293.9790000000001
288,2013-11-13 00:00:00,155.02200000000002
289,2013-11-13 01:00:00,46.985
290,2013-11-13 02:00:00,16.773
291,2013-11-13 03:00:00,15.760000000000002
292,2013-11-13 04:00:00,16.538
293,2013-11-13 05:00:00,9.512
294,2013-11-13 06:00:00,43.188
295,2013-11-13 07:00:00,106.214
296,2013-11-13 08:00:00,461.388
297,2013-11-13 09:00:00,638.4069999999998
298,2013-11-13 10:00:00,850.6310000000001
299,2013-11-13 11:00:00,759.9359999999998
300,2013-11-13 12:00:00,887.794
301,2013-11-13 13:00:00,852.573
302,2013-11-13 14:00:00,738.507
303,2013-11-13 15:00:00,692.752
304,2013-11-13 16:00:00,733.321
305,2013-11-13 17:00:00,768.806
306,2013-11-13 18:00:00,627.674
307,2013-11-13 19:00:00,634.314
308,2013-11-13 20:00:00,696.9639999999998
309,2013-11-13 21:00:00,546.61
310,2013-11-13 22:00:00,332.148
311,2013-11-13 23:00:00,265.49
312,2013-11-14 00:00:00,121.90100000000001
313,2013-11-14 01:00:00,57.283
314,2013-11-14 02:00:00,15.622
315,2013-11-14 03:00:00,18.767
316,2013-11-14 04:00:00,9.645
317,2013-11-14 05:00:00,14.277
318,2013-11-14 06:00:00,42.577
319,2013-11-14 07:00:00,161.785
320,2013-11-14 08:00:00,515.755
321,2013-11-14 09:00:00,631.6
322,2013-11-14 10:00:00,769.2
323,2013-11-14 11:00:00,749.9989999999999
324,2013-11-14 12:00:00,958.628
325,2013-11-14 13:00:00,886.307
326,2013-11-14 14:00:00,787.092
327,2013-11-14 15:00:00,698.9630000000001
328,2013-11-14 16:00:00,755.5269999999999
329,2013-11-14 17:00:00,625.6310000000002
330,2013-11-14 18:00:00,597.695
331,2013-11-14 19:00:00,562.806
332,2013-11-14 20:00:00,552.9929999999998
333,2013-11-14 21:00:00,439.66600000000005
334,2013-11-14 22:00:00,379.32
335,2013-11-14 23:00:00,251.24900000000002
336,2013-11-15 00:00:00,117.221
337,2013-11-15 01:00:00,66.91199999999999
338,2013-11-15 02:00:00,27.862
339,2013-11-15 03:00:00,26.791999999999998
340,2013-11-15 04:00:00,9.842
341,2013-11-15 05:00:00,21.612
342,2013-11-15 06:00:00,51.07899999999999
343,2013-11-15 07:00:00,170.674
344,2013-11-15 08:00:00,557.0699999999998
345,2013-11-15 09:00:00,705.9910000000001
346,2013-11-15 10:00:00,712.414
347,2013-11-15 11:00:00,672.9119999999999
348,2013-11-15 12:00:00,794.8810000000001
349,2013-11-15 13:00:00,847.923
350,2013-11-15 14:00:00,742.079
351,2013-11-15 15:00:00,708.7389999999999
352,2013-11-15 16:00:00,585.864
353,2013-11-15 17:00:00,542.3
354,2013-11-15 18:00:00,685.072
355,2013-11-15 19:00:00,752.9680000000002
356,2013-11-15 20:00:00,513.8530000000002
357,2013-11-15 21:00:00,538.893
358,2013-11-15 22:00:00,336.651
359,2013-11-15 23:00:00,351.75800000000004
360,2013-11-16 00:00:00,223.621
361,2013-11-16 01:00:00,98.414
362,2013-11-16 02:00:00,39.614
363,2013-11-16 03:00:00,17.049
364,2013-11-16 04:00:00,17.415
365,2013-11-16 05:00:00,15.193
366,2013-11-16 06:00:00,27.024
367,2013-11-16 07:00:00,71.834
368,2013-11-16 08:00:00,214.863
369,2013-11-16 09:00:00,343.19199999999995
370,2013-11-16 10:00:00,447.857
371,2013-11-16 11:00:00,453.605
372,2013-11-16 12:00:00,436.761
373,2013-11-16 13:00:00,461.815
374,2013-11-16 14:00:00,449.533
375,2013-11-16 15:00:00,466.065
376,2013-11-16 16:00:00,443.606
377,2013-11-16 17:00:00,481.655
378,2013-11-16 18:00:00,546.8299999999998
379,2013-11-16 19:00:00,504.026
380,2013-11-16 20:00:00,482.861
381,2013-11-16 21:00:00,422.70599999999996
382,2013-11-16 22:00:00,436.645
383,2013-11-16 23:00:00,402.69300000000004
384,2013-11-17 00:00:00,344.4550000000001
385,2013-11-17 01:00:00,124.115
386,2013-11-17 02:00:00,47.81
387,2013-11-17 03:00:00,39.086999999999996
388,2013-11-17 04:00:00,30.92
389,2013-11-17 05:00:00,19.336
390,2013-11-17 06:00:00,13.387
391,2013-11-17 07:00:00,35.561
392,2013-11-17 08:00:00,148.421
393,2013-11-17 09:00:00,165.459
394,2013-11-17 10:00:00,427.249
395,2013-11-17 11:00:00,314.879
396,2013-11-17 12:00:00,274.48400000000004
397,2013-11-17 13:00:00,246.274
398,2013-11-17 14:00:00,363.81300000000005
399,2013-11-17 15:00:00,260.538
400,2013-11-17 16:00:00,296.845
401,2013-11-17 17:00:00,371.43699999999995
402,2013-11-17 18:00:00,339.16900000000004
403,2013-11-17 19:00:00,352.68699999999995
404,2013-11-17 20:00:00,328.579
405,2013-11-17 21:00:00,350.0499999999999
406,2013-11-17 22:00:00,282.358
407,2013-11-17 23:00:00,122.35
408,2013-11-18 00:00:00,142.958
409,2013-11-18 01:00:00,51.764
410,2013-11-18 02:00:00,12.867
411,2013-11-18 03:00:00,12.925
412,2013-11-18 04:00:00,13.323
413,2013-11-18 05:00:00,19.537
414,2013-11-18 06:00:00,36.68
415,2013-11-18 07:00:00,157.689
416,2013-11-18 08:00:00,482.994
417,2013-11-18 09:00:00,511.69
418,2013-11-18 10:00:00,749.3580000000002
419,2013-11-18 11:00:00,739.4390000000002
420,2013-11-18 12:00:00,764.05
421,2013-11-18 13:00:00,755.3240000000002
422,2013-11-18 14:00:00,742.2829999999999
423,2013-11-18 15:00:00,615.7330000000001
424,2013-11-18 16:00:00,574.9300000000002
425,2013-11-18 17:00:00,607.215
426,2013-11-18 18:00:00,647.1089999999998
427,2013-11-18 19:00:00,655.033
428,2013-11-18 20:00:00,695.0269999999999
429,2013-11-18 21:00:00,611.5269999999999
430,2013-11-18 22:00:00,325.637
431,2013-11-18 23:00:00,205.936
432,2013-11-19 00:00:00,148.405
433,2013-11-19 01:00:00,37.989
434,2013-11-19 02:00:00,14.415
435,2013-11-19 03:00:00,16.791
436,2013-11-19 04:00:00,10.964
437,2013-11-19 05:00:00,13.912
438,2013-11-19 06:00:00,28.874
439,2013-11-19 07:00:00,135.263
440,2013-11-19 08:00:00,505.392
441,2013-11-19 09:00:00,650.487
442,2013-11-19 10:00:00,730.828
443,2013-11-19 11:00:00,803.306
444,2013-11-19 12:00:00,947.153
445,2013-11-19 13:00:00,845.934
446,2013-11-19 14:00:00,816.637
447,2013-11-19 15:00:00,703.562
448,2013-11-19 16:00:00,578.276
449,2013-11-19 17:00:00,705.1800000000002
450,2013-11-19 18:00:00,670.5640000000002
451,2013-11-19 19:00:00,613.665
452,2013-11-19 20:00:00,489.51
453,2013-11-19 21:00:00,411.384
454,2013-11-19 22:00:00,389.787
455,2013-11-19 23:00:00,205.398
456,2013-11-20 00:00:00,133.043
457,2013-11-20 01:00:00,29.586
458,2013-11-20 02:00:00,40.927
459,2013-11-20 03:00:00,10.157
460,2013-11-20 04:00:00,12.759
461,2013-11-20 05:00:00,19.247
462,2013-11-20 06:00:00,32.1
463,2013-11-20 07:00:00,134.00099999999998
464,2013-11-20 08:00:00,573.736
465,2013-11-20 09:00:00,696.547
466,2013-11-20 10:00:00,758.8240000000002
467,2013-11-20 11:00:00,898.432
468,2013-11-20 12:00:00,849.6619999999999
469,2013-11-20 13:00:00,916.872
470,2013-11-20 14:00:00,797.255
471,2013-11-20 15:00:00,779.61
472,2013-11-20 16:00:00,768.8349999999998
473,2013-11-20 17:00:00,773.6260000000001
474,2013-11-20 18:00:00,559.581
475,2013-11-20 19:00:00,501.288
476,2013-11-20 20:00:00,464.364
477,2013-11-20 21:00:00,430.157
478,2013-11-20 22:00:00,334.6310000000001
479,2013-11-20 23:00:00,235.293
480,2013-11-21 00:00:00,130.107
481,2013-11-21 01:00:00,85.79299999999999
482,2013-11-21 02:00:00,18.493
483,2013-11-21 03:00:00,20.307000000000002
484,2013-11-21 04:00:00,10.399
485,2013-11-21 05:00:00,20.682
486,2013-11-21 06:00:00,28.985
487,2013-11-21 07:00:00,153.664
488,2013-11-21 08:00:00,414.48800000000006
489,2013-11-21 09:00:00,623.653
490,2013-11-21 10:00:00,728.2280000000001
491,2013-11-21 11:00:00,806.55
492,2013-11-21 12:00:00,980.645
493,2013-11-21 13:00:00,992.101
494,2013-11-21 14:00:00,866.799
495,2013-11-21 15:00:00,748.2760000000001
496,2013-11-21 16:00:00,676.3330000000002
497,2013-11-21 17:00:00,681.9580000000001
498,2013-11-21 18:00:00,538.779
499,2013-11-21 19:00:00,579.0260000000002
500,2013-11-21 20:00:00,447.68699999999995
501,2013-11-21 21:00:00,425.157
502,2013-11-21 22:00:00,320.682
503,2013-11-21 23:00:00,218.435
504,2013-11-22 00:00:00,79.342
505,2013-11-22 01:00:00,67.57499999999999
506,2013-11-22 02:00:00,21.191999999999997
507,2013-11-22 03:00:00,17.025
508,2013-11-22 04:00:00,12.448
509,2013-11-22 05:00:00,11.89
510,2013-11-22 06:00:00,17.899
511,2013-11-22 07:00:00,137.172
512,2013-11-22 08:00:00,452.375
513,2013-11-22 09:00:00,626.756
514,2013-11-22 10:00:00,818.14
515,2013-11-22 11:00:00,986.6519999999999
516,2013-11-22 12:00:00,1083.453
517,2013-11-22 13:00:00,926.419
518,2013-11-22 14:00:00,872.7719999999998
519,2013-11-22 15:00:00,709.3199999999998
520,2013-11-22 16:00:00,710.347
521,2013-11-22 17:00:00,658.1610000000002
522,2013-11-22 18:00:00,593.5740000000001
523,2013-11-22 19:00:00,590.42
524,2013-11-22 20:00:00,497.909
525,2013-11-22 21:00:00,429.38199999999995
526,2013-11-22 22:00:00,404.44300000000004
527,2013-11-22 23:00:00,335.43
528,2013-11-23 00:00:00,242.063
529,2013-11-23 01:00:00,121.82
530,2013-11-23 02:00:00,46.176
531,2013-11-23 03:00:00,32.394
532,2013-11-23 04:00:00,23.937
533,2013-11-23 05:00:00,18.416
534,2013-11-23 06:00:00,23.523000000000003
535,2013-11-23 07:00:00,70.616
536,2013-11-23 08:00:00,218.945
537,2013-11-23 09:00:00,368.473
538,2013-11-23 10:00:00,527.376
539,2013-11-23 11:00:00,589.6089999999998
540,2013-11-23 12:00:00,672.7439999999999
541,2013-11-23 13:00:00,571.618
542,2013-11-23 14:00:00,495.543
543,2013-11-23 15:00:00,456.45300000000003
544,2013-11-23 16:00:00,487.0990000000001
545,2013-11-23 17:00:00,454.535
546,2013-11-23 18:00:00,525.164
547,2013-11-23 19:00:00,497.723
548,2013-11-23 20:00:00,397.689
549,2013-11-23 21:00:00,354.296
550,2013-11-23 22:00:00,335.22900000000004
551,2013-11-23 23:00:00,318.099
552,2013-11-24 00:00:00,283.393
553,2013-11-24 01:00:00,121.089
554,2013-11-24 02:00:00,40.16
555,2013-11-24 03:00:00,35.988
556,2013-11-24 04:00:00,15.603
557,2013-11-24 05:00:00,11.815
558,2013-11-24 06:00:00,13.078
559,2013-11-24 07:00:00,29.372
560,2013-11-24 08:00:00,109.051
561,2013-11-24 09:00:00,151.16
562,2013-11-24 10:00:00,162.334
563,2013-11-24 11:00:00,226.15900000000002
564,2013-11-24 12:00:00,305.425
565,2013-11-24 13:00:00,308.375
566,2013-11-24 14:00:00,303.921
567,2013-11-24 15:00:00,395.07800000000003
568,2013-11-24 16:00:00,344.30800000000005
569,2013-11-24 17:00:00,338.059
570,2013-11-24 18:00:00,433.398
571,2013-11-24 19:00:00,399.21
572,2013-11-24 20:00:00,319.611
573,2013-11-24 21:00:00,303.21
574,2013-11-24 22:00:00,295.836
575,2013-11-24 23:00:00,217.94099999999997
576,2013-11-25 00:00:00,97.45100000000001
577,2013-11-25 01:00:00,32.026
578,2013-11-25 02:00:00,22.985
579,2013-11-25 03:00:00,11.781
580,2013-11-25 04:00:00,19.073
581,2013-11-25 05:00:00,31.564
582,2013-11-25 06:00:00,54.732
583,2013-11-25 07:00:00,98.701
584,2013-11-25 08:00:00,430.411
585,2013-11-25 09:00:00,598.7819999999998
586,2013-11-25 10:00:00,691.2360000000001
587,2013-11-25 11:00:00,778.438
588,2013-11-25 12:00:00,961.819
589,2013-11-25 13:00:00,919.96
590,2013-11-25 14:00:00,901.0260000000001
591,2013-11-25 15:00:00,747.43
592,2013-11-25 16:00:00,641.75
593,2013-11-25 17:00:00,758.775
594,2013-11-25 18:00:00,678.784
595,2013-11-25 19:00:00,616.111
596,2013-11-25 20:00:00,549.375
597,2013-11-25 21:00:00,483.752
598,2013-11-25 22:00:00,246.43099999999998
599,2013-11-25 23:00:00,248.808
600,2013-11-26 00:00:00,112.928
601,2013-11-26 01:00:00,32.834
602,2013-11-26 02:00:00,20.185
603,2013-11-26 03:00:00,7.266999999999999
604,2013-11-26 04:00:00,7.305
605,2013-11-26 05:00:00,12.663
606,2013-11-26 06:00:00,36.352
607,2013-11-26 07:00:00,172.77700000000002
608,2013-11-26 08:00:00,485.624
609,2013-11-26 09:00:00,769.9580000000001
610,2013-11-26 10:00:00,813.3629999999998
611,2013-11-26 11:00:00,892.181
612,2013-11-26 12:00:00,909.0980000000001
613,2013-11-26 13:00:00,1005.486
614,2013-11-26 14:00:00,834.2760000000001
615,2013-11-26 15:00:00,746.9929999999998
616,2013-11-26 16:00:00,765.9730000000001
617,2013-11-26 17:00:00,685.3960000000001
618,2013-11-26 18:00:00,765.0110000000001
619,2013-11-26 19:00:00,572.875
620,2013-11-26 20:00:00,470.352
621,2013-11-26 21:00:00,420.086
622,2013-11-26 22:00:00,421.718
623,2013-11-26 23:00:00,257.399
624,2013-11-27 00:00:00,122.604
625,2013-11-27 01:00:00,40.24
626,2013-11-27 02:00:00,8.748
627,2013-11-27 03:00:00,18.532
628,2013-11-27 04:00:00,11.425
629,2013-11-27 05:00:00,16.22
630,2013-11-27 06:00:00,30.291999999999998
631,2013-11-27 07:00:00,116.221
632,2013-11-27 08:00:00,469.94699999999995
633,2013-11-27 09:00:00,645.001
634,2013-11-27 10:00:00,737.7669999999999
635,2013-11-27 11:00:00,744.2389999999999
636,2013-11-27 12:00:00,978.2260000000001
637,2013-11-27 13:00:00,891.237
638,2013-11-27 14:00:00,639.5840000000001
639,2013-11-27 15:00:00,590.03
640,2013-11-27 16:00:00,549.931
641,2013-11-27 17:00:00,527.501
642,2013-11-27 18:00:00,495.44
643,2013-11-27 19:00:00,422.964
644,2013-11-27 20:00:00,334.958
645,2013-11-27 21:00:00,306.351
646,2013-11-27 22:00:00,303.638
647,2013-11-27 23:00:00,178.896
648,2013-11-28 00:00:00,107.60600000000001
649,2013-11-28 01:00:00,28.199
650,2013-11-28 02:00:00,12.514000000000001
651,2013-11-28 03:00:00,14.311
652,2013-11-28 04:00:00,19.92
653,2013-11-28 05:00:00,12.24
654,2013-11-28 06:00:00,19.256
655,2013-11-28 07:00:00,96.782
656,2013-11-28 08:00:00,382.551
657,2013-11-28 09:00:00,501.874
658,2013-11-28 10:00:00,699.571
659,2013-11-28 11:00:00,905.3330000000001
660,2013-11-28 12:00:00,916.671
661,2013-11-28 13:00:00,907.946
662,2013-11-28 14:00:00,901.095
663,2013-11-28 15:00:00,797.69
664,2013-11-28 16:00:00,696.6569999999998
665,2013-11-28 17:00:00,609.225
666,2013-11-28 18:00:00,571.919
667,2013-11-28 19:00:00,672.674
668,2013-11-28 20:00:00,531.009
669,2013-11-28 21:00:00,484.434
670,2013-11-28 22:00:00,304.847
671,2013-11-28 23:00:00,265.655
672,2013-11-29 00:00:00,143.736
673,2013-11-29 01:00:00,34.178000000000004
674,2013-11-29 02:00:00,22.594
675,2013-11-29 03:00:00,21.144000000000002
676,2013-11-29 04:00:00,15.165
677,2013-11-29 05:00:00,10.07
678,2013-11-29 06:00:00,46.285
679,2013-11-29 07:00:00,139.503
680,2013-11-29 08:00:00,528.856
681,2013-11-29 09:00:00,663.046
682,2013-11-29 10:00:00,758.821
683,2013-11-29 11:00:00,809.809
684,2013-11-29 12:00:00,912.324
685,2013-11-29 13:00:00,870.303
686,2013-11-29 14:00:00,860.8610000000001
687,2013-11-29 15:00:00,808.867
688,2013-11-29 16:00:00,759.5060000000001
689,2013-11-29 17:00:00,720.0350000000002
690,2013-11-29 18:00:00,1018.363
691,2013-11-29 19:00:00,885.812
692,2013-11-29 20:00:00,510.194
693,2013-11-29 21:00:00,480.67
694,2013-11-29 22:00:00,435.423
695,2013-11-29 23:00:00,281.248
696,2013-11-30 00:00:00,226.163
697,2013-11-30 01:00:00,117.639
698,2013-11-30 02:00:00,52.91
699,2013-11-30 03:00:00,22.882
700,2013-11-30 04:00:00,22.162
701,2013-11-30 05:00:00,14.935
702,2013-11-30 06:00:00,27.205
703,2013-11-30 07:00:00,62.533
704,2013-11-30 08:00:00,266.572
705,2013-11-30 09:00:00,444.186
706,2013-11-30 10:00:00,530.382
707,2013-11-30 11:00:00,517.419
708,2013-11-30 12:00:00,529.688
709,2013-11-30 13:00:00,492.36300000000006
710,2013-11-30 14:00:00,478.73
711,2013-11-30 15:00:00,471.269
712,2013-11-30 16:00:00,510.074
713,2013-11-30 17:00:00,466.594
714,2013-11-30 18:00:00,494.504
715,2013-11-30 19:00:00,494.588
716,2013-11-30 20:00:00,426.271
717,2013-11-30 21:00:00,315.278
718,2013-11-30 22:00:00,248.021
719,2013-11-30 23:00:00,309.94599999999997
720,2013-12-01 00:00:00,200.09799999999998
721,2013-12-01 01:00:00,93.28299999999999
722,2013-12-01 02:00:00,45.631
723,2013-12-01 03:00:00,15.014000000000001
724,2013-12-01 04:00:00,12.696000000000002
725,2013-12-01 05:00:00,15.489
726,2013-12-01 06:00:00,20.496
727,2013-12-01 07:00:00,29.929
728,2013-12-01 08:00:00,144.784
729,2013-12-01 09:00:00,138.458
730,2013-12-01 10:00:00,221.942
731,2013-12-01 11:00:00,240.00900000000001
732,2013-12-01 12:00:00,352.18300000000005
733,2013-12-01 13:00:00,259.903
734,2013-12-01 14:00:00,354.876
735,2013-12-01 15:00:00,311.553
736,2013-12-01 16:00:00,368.394
737,2013-12-01 17:00:00,395.789
738,2013-12-01 18:00:00,405.993
739,2013-12-01 19:00:00,381.01199999999994
740,2013-12-01 20:00:00,365.991
741,2013-12-01 21:00:00,268.75
742,2013-12-01 22:00:00,204.98
743,2013-12-01 23:00:00,195.40900000000002
744,2013-12-02 00:00:00,79.252
745,2013-12-02 01:00:00,22.62
746,2013-12-02 02:00:00,17.151
747,2013-12-02 03:00:00,9.597999999999999
748,2013-12-02 04:00:00,8.884
749,2013-12-02 05:00:00,8.491
750,2013-12-02 06:00:00,24.081
751,2013-12-02 07:00:00,113.816
752,2013-12-02 08:00:00,366.565
753,2013-12-02 09:00:00,617.062
754,2013-12-02 10:00:00,673.818
755,2013-12-02 11:00:00,754.1489999999999
756,2013-12-02 12:00:00,745.2650000000001
757,2013-12-02 13:00:00,747.779
758,2013-12-02 14:00:00,716.1039999999999
759,2013-12-02 15:00:00,693.3340000000002
760,2013-12-02 16:00:00,582.351
761,2013-12-02 17:00:00,632.303
762,2013-12-02 18:00:00,813.788
763,2013-12-02 19:00:00,630.5070000000002
764,2013-12-02 20:00:00,577.923
765,2013-12-02 21:00:00,510.32199999999995
766,2013-12-02 22:00:00,333.778
767,2013-12-02 23:00:00,203.148
768,2013-12-03 00:00:00,97.729
769,2013-12-03 01:00:00,40.899
770,2013-12-03 02:00:00,24.589000000000002
771,2013-12-03 03:00:00,20.674
772,2013-12-03 04:00:00,13.728
773,2013-12-03 05:00:00,15.311
774,2013-12-03 06:00:00,41.79
775,2013-12-03 07:00:00,139.5
776,2013-12-03 08:00:00,467.626
777,2013-12-03 09:00:00,570.934
778,2013-12-03 10:00:00,883.207
779,2013-12-03 11:00:00,854.9849999999999
780,2013-12-03 12:00:00,851.3109999999998
781,2013-12-03 13:00:00,813.692
782,2013-12-03 14:00:00,739.668
783,2013-12-03 15:00:00,677.135
784,2013-12-03 16:00:00,741.788
785,2013-12-03 17:00:00,758.3199999999998
786,2013-12-03 18:00:00,633.971
787,2013-12-03 19:00:00,537.2080000000001
788,2013-12-03 20:00:00,444.18300000000005
789,2013-12-03 21:00:00,396.494
790,2013-12-03 22:00:00,342.17
791,2013-12-03 23:00:00,274.092
792,2013-12-04 00:00:00,152.572
793,2013-12-04 01:00:00,74.679
794,2013-12-04 02:00:00,19.014
795,2013-12-04 03:00:00,16.044
796,2013-12-04 04:00:00,15.759
797,2013-12-04 05:00:00,15.321000000000002
798,2013-12-04 06:00:00,40.62000000000001
799,2013-12-04 07:00:00,152.72899999999998
800,2013-12-04 08:00:00,495.436
801,2013-12-04 09:00:00,642.971
802,2013-12-04 10:00:00,732.0419999999999
803,2013-12-04 11:00:00,814.451
804,2013-12-04 12:00:00,853.805
805,2013-12-04 13:00:00,991.577
806,2013-12-04 14:00:00,901.236
807,2013-12-04 15:00:00,714.3209999999998
808,2013-12-04 16:00:00,746.827
809,2013-12-04 17:00:00,657.3539999999999
810,2013-12-04 18:00:00,605.456
811,2013-12-04 19:00:00,607.807
812,2013-12-04 20:00:00,477.923
813,2013-12-04 21:00:00,424.936
814,2013-12-04 22:00:00,287.621
815,2013-12-04 23:00:00,271.745
816,2013-12-05 00:00:00,160.517
817,2013-12-05 01:00:00,51.88
818,2013-12-05 02:00:00,19.067
819,2013-12-05 03:00:00,16.234
820,2013-12-05 04:00:00,14.203
821,2013-12-05 05:00:00,29.931
822,2013-12-05 06:00:00,50.295
823,2013-12-05 07:00:00,143.915
824,2013-12-05 08:00:00,456.173
825,2013-12-05 09:00:00,769.6089999999998
826,2013-12-05 10:00:00,775.9399999999998
827,2013-12-05 11:00:00,827.3019999999998
828,2013-12-05 12:00:00,923.701
829,2013-12-05 13:00:00,876.117
830,2013-12-05 14:00:00,785.327
831,2013-12-05 15:00:00,671.6210000000001
832,2013-12-05 16:00:00,676.2919999999999
833,2013-12-05 17:00:00,687.7410000000001
834,2013-12-05 18:00:00,624.744
835,2013-12-05 19:00:00,578.118
836,2013-12-05 20:00:00,525.894
837,2013-12-05 21:00:00,483.934
838,2013-12-05 22:00:00,404.44699999999995
839,2013-12-05 23:00:00,345.5900000000001
840,2013-12-06 00:00:00,225.4
841,2013-12-06 01:00:00,33.838
842,2013-12-06 02:00:00,23.101999999999997
843,2013-12-06 03:00:00,29.29
844,2013-12-06 04:00:00,10.251
845,2013-12-06 05:00:00,11.402
846,2013-12-06 06:00:00,28.555
847,2013-12-06 07:00:00,137.605
848,2013-12-06 08:00:00,471.972
849,2013-12-06 09:00:00,665.1060000000001
850,2013-12-06 10:00:00,751.51
851,2013-12-06 11:00:00,847.735
852,2013-12-06 12:00:00,940.628
853,2013-12-06 13:00:00,925.75
854,2013-12-06 14:00:00,750.306
855,2013-12-06 15:00:00,691.6389999999999
856,2013-12-06 16:00:00,727.31
857,2013-12-06 17:00:00,694.0120000000002
858,2013-12-06 18:00:00,637.722
859,2013-12-06 19:00:00,479.671
860,2013-12-06 20:00:00,477.715
861,2013-12-06 21:00:00,420.181
862,2013-12-06 22:00:00,458.964
863,2013-12-06 23:00:00,367.62800000000004
864,2013-12-07 00:00:00,212.496
865,2013-12-07 01:00:00,100.12200000000001
866,2013-12-07 02:00:00,49.74800000000001
867,2013-12-07 03:00:00,16.065
868,2013-12-07 04:00:00,10.297
869,2013-12-07 05:00:00,23.980999999999998
870,2013-12-07 06:00:00,24.535999999999998
871,2013-12-07 07:00:00,41.768
872,2013-12-07 08:00:00,138.786
873,2013-12-07 09:00:00,216.85
874,2013-12-07 10:00:00,262.133
875,2013-12-07 11:00:00,294.623
876,2013-12-07 12:00:00,403.191
877,2013-12-07 13:00:00,396.702
878,2013-12-07 14:00:00,398.189
879,2013-12-07 15:00:00,399.457
880,2013-12-07 16:00:00,468.20300000000003
881,2013-12-07 17:00:00,446.05800000000005
882,2013-12-07 18:00:00,416.32199999999995
883,2013-12-07 19:00:00,473.691
884,2013-12-07 20:00:00,399.25
885,2013-12-07 21:00:00,335.93300000000005
886,2013-12-07 22:00:00,487.01
887,2013-12-07 23:00:00,493.949
888,2013-12-08 00:00:00,288.77
889,2013-12-08 01:00:00,113.738
890,2013-12-08 02:00:00,50.618
891,2013-12-08 03:00:00,23.475
892,2013-12-08 04:00:00,18.794
893,2013-12-08 05:00:00,16.171999999999993
894,2013-12-08 06:00:00,31.221
895,2013-12-08 07:00:00,30.496
896,2013-12-08 08:00:00,114.777
897,2013-12-08 09:00:00,142.922
898,2013-12-08 10:00:00,200.043
899,2013-12-08 11:00:00,217.729
900,2013-12-08 12:00:00,257.34000000000003
901,2013-12-08 13:00:00,286.6670000000001
902,2013-12-08 14:00:00,358.16900000000004
903,2013-12-08 15:00:00,321.305
904,2013-12-08 16:00:00,349.023
905,2013-12-08 17:00:00,343.392
906,2013-12-08 18:00:00,385.84400000000005
907,2013-12-08 19:00:00,370.282
908,2013-12-08 20:00:00,265.703
909,2013-12-08 21:00:00,235.421
910,2013-12-08 22:00:00,223.634
911,2013-12-08 23:00:00,173.59199999999996
912,2013-12-09 00:00:00,63.669
913,2013-12-09 01:00:00,38.6
914,2013-12-09 02:00:00,18.11
915,2013-12-09 03:00:00,10.467
916,2013-12-09 04:00:00,11.492
917,2013-12-09 05:00:00,7.099
918,2013-12-09 06:00:00,31.834
919,2013-12-09 07:00:00,114.45
920,2013-12-09 08:00:00,413.9740000000001
921,2013-12-09 09:00:00,567.998
922,2013-12-09 10:00:00,683.345
923,2013-12-09 11:00:00,680.8660000000001
924,2013-12-09 12:00:00,913.195
925,2013-12-09 13:00:00,881.673
926,2013-12-09 14:00:00,751.553
927,2013-12-09 15:00:00,697.783
928,2013-12-09 16:00:00,839.8240000000002
929,2013-12-09 17:00:00,720.299
930,2013-12-09 18:00:00,746.806
931,2013-12-09 19:00:00,579.1030000000002
932,2013-12-09 20:00:00,443.57900000000006
933,2013-12-09 21:00:00,426.982
934,2013-12-09 22:00:00,378.445
935,2013-12-09 23:00:00,228.91
936,2013-12-10 00:00:00,129.578
937,2013-12-10 01:00:00,47.721
938,2013-12-10 02:00:00,38.113
939,2013-12-10 03:00:00,13.44
940,2013-12-10 04:00:00,10.527000000000001
941,2013-12-10 05:00:00,17.11
942,2013-12-10 06:00:00,29.123
943,2013-12-10 07:00:00,160.662
944,2013-12-10 08:00:00,408.46
945,2013-12-10 09:00:00,601.413
946,2013-12-10 10:00:00,799.5740000000002
947,2013-12-10 11:00:00,877.638
948,2013-12-10 12:00:00,956.8660000000001
949,2013-12-10 13:00:00,933.2669999999999
950,2013-12-10 14:00:00,847.4259999999998
951,2013-12-10 15:00:00,765.956
952,2013-12-10 16:00:00,704.335
953,2013-12-10 17:00:00,677.813
954,2013-12-10 18:00:00,655.99
955,2013-12-10 19:00:00,600.62
956,2013-12-10 20:00:00,484.74
957,2013-12-10 21:00:00,420.639
958,2013-12-10 22:00:00,398.979
959,2013-12-10 23:00:00,217.509
960,2013-12-11 00:00:00,142.127
961,2013-12-11 01:00:00,52.089
962,2013-12-11 02:00:00,19.854
963,2013-12-11 03:00:00,5.426
964,2013-12-11 04:00:00,19.943
965,2013-12-11 05:00:00,12.579
966,2013-12-11 06:00:00,53.373999999999995
967,2013-12-11 07:00:00,136.17700000000002
968,2013-12-11 08:00:00,416.412
969,2013-12-11 09:00:00,643.247
970,2013-12-11 10:00:00,784.553
971,2013-12-11 11:00:00,816.433
972,2013-12-11 12:00:00,872.8860000000001
973,2013-12-11 13:00:00,951.382
974,2013-12-11 14:00:00,1381.156
975,2013-12-11 15:00:00,907.538
976,2013-12-11 16:00:00,783.52
977,2013-12-11 17:00:00,713.6339999999999
978,2013-12-11 18:00:00,758.0260000000002
979,2013-12-11 19:00:00,587.706
980,2013-12-11 20:00:00,447.997
981,2013-12-11 21:00:00,432.528
982,2013-12-11 22:00:00,360.402
983,2013-12-11 23:00:00,303.27299999999997
984,2013-12-12 00:00:00,140.37
985,2013-12-12 01:00:00,58.961000000000006
986,2013-12-12 02:00:00,33.774
987,2013-12-12 03:00:00,15.959000000000001
988,2013-12-12 04:00:00,24.565
989,2013-12-12 05:00:00,9.942
990,2013-12-12 06:00:00,42.286
991,2013-12-12 07:00:00,137.77100000000002
992,2013-12-12 08:00:00,494.5
993,2013-12-12 09:00:00,683.6700000000002
994,2013-12-12 10:00:00,1066.856
995,2013-12-12 11:00:00,880.8839999999999
996,2013-12-12 12:00:00,927.422
997,2013-12-12 13:00:00,947.579
998,2013-12-12 14:00:00,895.9870000000002
999,2013-12-12 15:00:00,845.6800000000002
1000,2013-12-12 16:00:00,858.2810000000001
1001,2013-12-12 17:00:00,698.855
1002,2013-12-12 18:00:00,767.1099999999999
1003,2013-12-12 19:00:00,509.851
1004,2013-12-12 20:00:00,421.098
1005,2013-12-12 21:00:00,448.966
1006,2013-12-12 22:00:00,327.971
1007,2013-12-12 23:00:00,295.475
1008,2013-12-13 00:00:00,152.954
1009,2013-12-13 01:00:00,71.72200000000002
1010,2013-12-13 02:00:00,21.33
1011,2013-12-13 03:00:00,10.780999999999999
1012,2013-12-13 04:00:00,17.302
1013,2013-12-13 05:00:00,17.453
1014,2013-12-13 06:00:00,45.891000000000005
1015,2013-12-13 07:00:00,143.637
1016,2013-12-13 08:00:00,522.528
1017,2013-12-13 09:00:00,636.492
1018,2013-12-13 10:00:00,937.118
1019,2013-12-13 11:00:00,1056.651
1020,2013-12-13 12:00:00,1083.695
1021,2013-12-13 13:00:00,1061.932
1022,2013-12-13 14:00:00,1002.5139999999999
1023,2013-12-13 15:00:00,886.778
1024,2013-12-13 16:00:00,828.695
1025,2013-12-13 17:00:00,834.5029999999998
1026,2013-12-13 18:00:00,733.23
1027,2013-12-13 19:00:00,623.622
1028,2013-12-13 20:00:00,485.991
1029,2013-12-13 21:00:00,381.402
1030,2013-12-13 22:00:00,350.857
1031,2013-12-13 23:00:00,308.913
1032,2013-12-14 00:00:00,218.887
1033,2013-12-14 01:00:00,85.38300000000002
1034,2013-12-14 02:00:00,29.744
1035,2013-12-14 03:00:00,22.543000000000003
1036,2013-12-14 04:00:00,19.105999999999998
1037,2013-12-14 05:00:00,20.534000000000002
1038,2013-12-14 06:00:00,35.705999999999996
1039,2013-12-14 07:00:00,67.847
1040,2013-12-14 08:00:00,214.34599999999998
1041,2013-12-14 09:00:00,339.88199999999995
1042,2013-12-14 10:00:00,487.79699999999997
1043,2013-12-14 11:00:00,620.285
1044,2013-12-14 12:00:00,654.0790000000001
1045,2013-12-14 13:00:00,590.197
1046,2013-12-14 14:00:00,506.871
1047,2013-12-14 15:00:00,557.172
1048,2013-12-14 16:00:00,561.6949999999998
1049,2013-12-14 17:00:00,647.778
1050,2013-12-14 18:00:00,531.396
1051,2013-12-14 19:00:00,517.049
1052,2013-12-14 20:00:00,430.282
1053,2013-12-14 21:00:00,268.625
1054,2013-12-14 22:00:00,414.13
1055,2013-12-14 23:00:00,326.964
1056,2013-12-15 00:00:00,185.169
1057,2013-12-15 01:00:00,83.73599999999998
1058,2013-12-15 02:00:00,59.71
1059,2013-12-15 03:00:00,24.397
1060,2013-12-15 04:00:00,25.054
1061,2013-12-15 05:00:00,20.825
1062,2013-12-15 06:00:00,26.819000000000006
1063,2013-12-15 07:00:00,42.36600000000001
1064,2013-12-15 08:00:00,113.58
1065,2013-12-15 09:00:00,193.37400000000002
1066,2013-12-15 10:00:00,238.125
1067,2013-12-15 11:00:00,305.914
1068,2013-12-15 12:00:00,387.879
1069,2013-12-15 13:00:00,355.55300000000005
1070,2013-12-15 14:00:00,309.223
1071,2013-12-15 15:00:00,384.47
1072,2013-12-15 16:00:00,411.73800000000006
1073,2013-12-15 17:00:00,449.81699999999995
1074,2013-12-15 18:00:00,443.99
1075,2013-12-15 19:00:00,514.729
1076,2013-12-15 20:00:00,402.48
1077,2013-12-15 21:00:00,372.958
1078,2013-12-15 22:00:00,280.651
1079,2013-12-15 23:00:00,236.819
1080,2013-12-16 00:00:00,126.026
1081,2013-12-16 01:00:00,50.543
1082,2013-12-16 02:00:00,16.87
1083,2013-12-16 03:00:00,7.050000000000002
1084,2013-12-16 04:00:00,5.808
1085,2013-12-16 05:00:00,13.157
1086,2013-12-16 06:00:00,26.448
1087,2013-12-16 07:00:00,156.476
1088,2013-12-16 08:00:00,498.758
1089,2013-12-16 09:00:00,723.0039999999999
1090,2013-12-16 10:00:00,850.3960000000001
1091,2013-12-16 11:00:00,782.7460000000001
1092,2013-12-16 12:00:00,834.948
1093,2013-12-16 13:00:00,834.9010000000002
1094,2013-12-16 14:00:00,813.0609999999998
1095,2013-12-16 15:00:00,701.595
1096,2013-12-16 16:00:00,748.79
1097,2013-12-16 17:00:00,711.7189999999999
1098,2013-12-16 18:00:00,707.738
1099,2013-12-16 19:00:00,660.2289999999999
1100,2013-12-16 20:00:00,450.53600000000006
1101,2013-12-16 21:00:00,404.42900000000003
1102,2013-12-16 22:00:00,316.274
1103,2013-12-16 23:00:00,300.928
1104,2013-12-17 00:00:00,166.857
1105,2013-12-17 01:00:00,36.376
1106,2013-12-17 02:00:00,16.915
1107,2013-12-17 03:00:00,10.97
1108,2013-12-17 04:00:00,9.196
1109,2013-12-17 05:00:00,11.748
1110,2013-12-17 06:00:00,23.181
1111,2013-12-17 07:00:00,164.945
1112,2013-12-17 08:00:00,517.886
1113,2013-12-17 09:00:00,678.943
1114,2013-12-17 10:00:00,779.6030000000001
1115,2013-12-17 11:00:00,898.86
1116,2013-12-17 12:00:00,856.763
1117,2013-12-17 13:00:00,950.861
1118,2013-12-17 14:00:00,818.944
1119,2013-12-17 15:00:00,810.435
1120,2013-12-17 16:00:00,744.6669999999998
1121,2013-12-17 17:00:00,746.431
1122,2013-12-17 18:00:00,651.341
1123,2013-12-17 19:00:00,663.418
1124,2013-12-17 20:00:00,558.295
1125,2013-12-17 21:00:00,501.398
1126,2013-12-17 22:00:00,365.458
1127,2013-12-17 23:00:00,327.041
1128,2013-12-18 00:00:00,143.964
1129,2013-12-18 01:00:00,62.242
1130,2013-12-18 02:00:00,31.927
1131,2013-12-18 03:00:00,11.664
1132,2013-12-18 04:00:00,10.936
1133,2013-12-18 05:00:00,16.801000000000002
1134,2013-12-18 06:00:00,42.313
1135,2013-12-18 07:00:00,171.91099999999997
1136,2013-12-18 08:00:00,502.006
1137,2013-12-18 09:00:00,612.075
1138,2013-12-18 10:00:00,794.8810000000002
1139,2013-12-18 11:00:00,975.2330000000001
1140,2013-12-18 12:00:00,997.688
1141,2013-12-18 13:00:00,903.5369999999999
1142,2013-12-18 14:00:00,798.038
1143,2013-12-18 15:00:00,752.336
1144,2013-12-18 16:00:00,784.0790000000002
1145,2013-12-18 17:00:00,771.9649999999998
1146,2013-12-18 18:00:00,656.426
1147,2013-12-18 19:00:00,562.138
1148,2013-12-18 20:00:00,503.733
1149,2013-12-18 21:00:00,462.27
1150,2013-12-18 22:00:00,423.027
1151,2013-12-18 23:00:00,366.783
1152,2013-12-19 00:00:00,183.903
1153,2013-12-19 01:00:00,65.108
1154,2013-12-19 02:00:00,43.175
1155,2013-12-19 03:00:00,39.944
1156,2013-12-19 04:00:00,42.372
1157,2013-12-19 05:00:00,18.588
1158,2013-12-19 06:00:00,27.103
1159,2013-12-19 07:00:00,134.276
1160,2013-12-19 08:00:00,452.031
1161,2013-12-19 09:00:00,653.5369999999999
1162,2013-12-19 10:00:00,799.5060000000001
1163,2013-12-19 11:00:00,823.0060000000002
1164,2013-12-19 12:00:00,975.8910000000001
1165,2013-12-19 13:00:00,987.462
1166,2013-12-19 14:00:00,851.6039999999999
1167,2013-12-19 15:00:00,783.203
1168,2013-12-19 16:00:00,786.822
1169,2013-12-19 17:00:00,704.915
1170,2013-12-19 18:00:00,681.102
1171,2013-12-19 19:00:00,658.6850000000002
1172,2013-12-19 20:00:00,526.553
1173,2013-12-19 21:00:00,460.343
1174,2013-12-19 22:00:00,437.50300000000004
1175,2013-12-19 23:00:00,332.6570000000001
1176,2013-12-20 00:00:00,179.68099999999995
1177,2013-12-20 01:00:00,73.679
1178,2013-12-20 02:00:00,21.232
1179,2013-12-20 03:00:00,28.864
1180,2013-12-20 04:00:00,24.506
1181,2013-12-20 05:00:00,25.518
1182,2013-12-20 06:00:00,34.521
1183,2013-12-20 07:00:00,141.217
1184,2013-12-20 08:00:00,482.19199999999995
1185,2013-12-20 09:00:00,698.008
1186,2013-12-20 10:00:00,888.1039999999999
1187,2013-12-20 11:00:00,890.7339999999999
1188,2013-12-20 12:00:00,905.953
1189,2013-12-20 13:00:00,847.5229999999998
1190,2013-12-20 14:00:00,757.4200000000002
1191,2013-12-20 15:00:00,780.175
1192,2013-12-20 16:00:00,839.9069999999998
1193,2013-12-20 17:00:00,735.252
1194,2013-12-20 18:00:00,659.245
1195,2013-12-20 19:00:00,514.5269999999999
1196,2013-12-20 20:00:00,442.999
1197,2013-12-20 21:00:00,329.537
1198,2013-12-20 22:00:00,339.81800000000004
1199,2013-12-20 23:00:00,294.695
1200,2013-12-21 00:00:00,214.827
1201,2013-12-21 01:00:00,114.716
1202,2013-12-21 02:00:00,39.688
1203,2013-12-21 03:00:00,19.378
1204,2013-12-21 04:00:00,13.569
1205,2013-12-21 05:00:00,18.592
1206,2013-12-21 06:00:00,18.092
1207,2013-12-21 07:00:00,65.905
1208,2013-12-21 08:00:00,215.975
1209,2013-12-21 09:00:00,289.188
1210,2013-12-21 10:00:00,388.795
1211,2013-12-21 11:00:00,409.315
1212,2013-12-21 12:00:00,546.641
1213,2013-12-21 13:00:00,489.858
1214,2013-12-21 14:00:00,455.72900000000004
1215,2013-12-21 15:00:00,492.95099999999996
1216,2013-12-21 16:00:00,549.648
1217,2013-12-21 17:00:00,581.78
1218,2013-12-21 18:00:00,532.393
1219,2013-12-21 19:00:00,448.621
1220,2013-12-21 20:00:00,293.9840000000001
1221,2013-12-21 21:00:00,252.021
1222,2013-12-21 22:00:00,231.28599999999997
1223,2013-12-21 23:00:00,221.90900000000002
1224,2013-12-22 00:00:00,140.389
1225,2013-12-22 01:00:00,92.222
1226,2013-12-22 02:00:00,48.397
1227,2013-12-22 03:00:00,17.918
1228,2013-12-22 04:00:00,30.441999999999997
1229,2013-12-22 05:00:00,19.745
1230,2013-12-22 06:00:00,16.901
1231,2013-12-22 07:00:00,22.754
1232,2013-12-22 08:00:00,107.682
1233,2013-12-22 09:00:00,104.542
1234,2013-12-22 10:00:00,204.317
1235,2013-12-22 11:00:00,342.559
1236,2013-12-22 12:00:00,385.598
1237,2013-12-22 13:00:00,356.536
1238,2013-12-22 14:00:00,358.7340000000001
1239,2013-12-22 15:00:00,306.42900000000003
1240,2013-12-22 16:00:00,369.125
1241,2013-12-22 17:00:00,332.87300000000005
1242,2013-12-22 18:00:00,343.895
1243,2013-12-22 19:00:00,392.836
1244,2013-12-22 20:00:00,273.03
1245,2013-12-22 21:00:00,165.755
1246,2013-12-22 22:00:00,221.68400000000003
1247,2013-12-22 23:00:00,186.90900000000002
1248,2013-12-23 00:00:00,73.753
1249,2013-12-23 01:00:00,25.059
1250,2013-12-23 02:00:00,23.671999999999997
1251,2013-12-23 03:00:00,14.790999999999999
1252,2013-12-23 04:00:00,7.588999999999999
1253,2013-12-23 05:00:00,13.897
1254,2013-12-23 06:00:00,13.552999999999999
1255,2013-12-23 07:00:00,67.289
1256,2013-12-23 08:00:00,247.18400000000003
1257,2013-12-23 09:00:00,422.686
1258,2013-12-23 10:00:00,620.439
1259,2013-12-23 11:00:00,642.665
1260,2013-12-23 12:00:00,676.951
1261,2013-12-23 13:00:00,713.388
1262,2013-12-23 14:00:00,686.627
1263,2013-12-23 15:00:00,744.025
1264,2013-12-23 16:00:00,689.4960000000002
1265,2013-12-23 17:00:00,735.6410000000002
1266,2013-12-23 18:00:00,582.3380000000001
1267,2013-12-23 19:00:00,441.077
1268,2013-12-23 20:00:00,330.857
1269,2013-12-23 21:00:00,291.89
1270,2013-12-23 22:00:00,207.93
1271,2013-12-23 23:00:00,145.167
1272,2013-12-24 00:00:00,154.66299999999998
1273,2013-12-24 01:00:00,37.547
1274,2013-12-24 02:00:00,22.914
1275,2013-12-24 03:00:00,13.55
1276,2013-12-24 04:00:00,10.007
1277,2013-12-24 05:00:00,12.539000000000001
1278,2013-12-24 06:00:00,19.846
1279,2013-12-24 07:00:00,71.767
1280,2013-12-24 08:00:00,197.723
1281,2013-12-24 09:00:00,324.8
1282,2013-12-24 10:00:00,486.342
1283,2013-12-24 11:00:00,590.406
1284,2013-12-24 12:00:00,596.293
1285,2013-12-24 13:00:00,485.667
1286,2013-12-24 14:00:00,543.012
1287,2013-12-24 15:00:00,505.115
1288,2013-12-24 16:00:00,480.921
1289,2013-12-24 17:00:00,504.67699999999996
1290,2013-12-24 18:00:00,441.57599999999996
1291,2013-12-24 19:00:00,359.592
1292,2013-12-24 20:00:00,269.083
1293,2013-12-24 21:00:00,169.697
1294,2013-12-24 22:00:00,212.574
1295,2013-12-24 23:00:00,187.827
1296,2013-12-25 00:00:00,115.64299999999999
1297,2013-12-25 01:00:00,67.748
1298,2013-12-25 02:00:00,58.47
1299,2013-12-25 03:00:00,31.353
1300,2013-12-25 04:00:00,13.104000000000001
1301,2013-12-25 05:00:00,11.908
1302,2013-12-25 06:00:00,29.986
1303,2013-12-25 07:00:00,44.128
1304,2013-12-25 08:00:00,139.252
1305,2013-12-25 09:00:00,247.889
1306,2013-12-25 10:00:00,438.668
1307,2013-12-25 11:00:00,414.361
1308,2013-12-25 12:00:00,333.5259999999999
1309,2013-12-25 13:00:00,460.88200000000006
1310,2013-12-25 14:00:00,160.0
1311,2013-12-25 15:00:00,188.03799999999998
1312,2013-12-25 16:00:00,203.923
1313,2013-12-25 17:00:00,244.86700000000002
1314,2013-12-25 18:00:00,470.758
1315,2013-12-25 19:00:00,669.9010000000001
1316,2013-12-25 20:00:00,293.203
1317,2013-12-25 21:00:00,191.40599999999998
1318,2013-12-25 22:00:00,201.519
1319,2013-12-25 23:00:00,119.92200000000001
1320,2013-12-26 00:00:00,96.228
1321,2013-12-26 01:00:00,26.996
1322,2013-12-26 02:00:00,10.57
1323,2013-12-26 03:00:00,15.094
1324,2013-12-26 04:00:00,15.376
1325,2013-12-26 05:00:00,17.274
1326,2013-12-26 06:00:00,29.276
1327,2013-12-26 07:00:00,37.477
1328,2013-12-26 08:00:00,67.812
1329,2013-12-26 09:00:00,89.875
1330,2013-12-26 10:00:00,144.67700000000005
1331,2013-12-26 11:00:00,176.33
1332,2013-12-26 12:00:00,210.59599999999998
1333,2013-12-26 13:00:00,142.203
1334,2013-12-26 14:00:00,144.651
1335,2013-12-26 15:00:00,155.503
1336,2013-12-26 16:00:00,170.21800000000005
1337,2013-12-26 17:00:00,178.57999999999996
1338,2013-12-26 18:00:00,199.85299999999998
1339,2013-12-26 19:00:00,218.31400000000002
1340,2013-12-26 20:00:00,169.74200000000005
1341,2013-12-26 21:00:00,140.14600000000002
1342,2013-12-26 22:00:00,108.69
1343,2013-12-26 23:00:00,87.15
1344,2013-12-27 00:00:00,46.309
1345,2013-12-27 01:00:00,26.525
1346,2013-12-27 02:00:00,8.443
1347,2013-12-27 03:00:00,10.479000000000001
1348,2013-12-27 04:00:00,7.273
1349,2013-12-27 05:00:00,17.347
1350,2013-12-27 06:00:00,14.89
1351,2013-12-27 07:00:00,29.194000000000006
1352,2013-12-27 08:00:00,141.325
1353,2013-12-27 09:00:00,213.463
1354,2013-12-27 10:00:00,323.286
1355,2013-12-27 11:00:00,343.7270000000001
1356,2013-12-27 12:00:00,392.61800000000005
1357,2013-12-27 13:00:00,376.425
1358,2013-12-27 14:00:00,329.801
1359,2013-12-27 15:00:00,384.81300000000005
1360,2013-12-27 16:00:00,335.62
1361,2013-12-27 17:00:00,392.54
1362,2013-12-27 18:00:00,316.6670000000001
1363,2013-12-27 19:00:00,251.365
1364,2013-12-27 20:00:00,232.106
1365,2013-12-27 21:00:00,168.10500000000005
1366,2013-12-27 22:00:00,157.471
1367,2013-12-27 23:00:00,96.87899999999999
1368,2013-12-28 00:00:00,83.99600000000001
1369,2013-12-28 01:00:00,43.596
1370,2013-12-28 02:00:00,28.666999999999998
1371,2013-12-28 03:00:00,8.379999999999999
1372,2013-12-28 04:00:00,8.530000000000001
1373,2013-12-28 05:00:00,11.795
1374,2013-12-28 06:00:00,7.856999999999998
1375,2013-12-28 07:00:00,23.057
1376,2013-12-28 08:00:00,75.72399999999999
1377,2013-12-28 09:00:00,85.804
1378,2013-12-28 10:00:00,166.205
1379,2013-12-28 11:00:00,165.68
1380,2013-12-28 12:00:00,263.85900000000004
1381,2013-12-28 13:00:00,307.482
1382,2013-12-28 14:00:00,267.564
1383,2013-12-28 15:00:00,197.648
1384,2013-12-28 16:00:00,226.855
1385,2013-12-28 17:00:00,226.026
1386,2013-12-28 18:00:00,224.763
1387,2013-12-28 19:00:00,204.451
1388,2013-12-28 20:00:00,166.761
1389,2013-12-28 21:00:00,144.822
1390,2013-12-28 22:00:00,118.969
1391,2013-12-28 23:00:00,153.749
1392,2013-12-29 00:00:00,77.24199999999998
1393,2013-12-29 01:00:00,36.776
1394,2013-12-29 02:00:00,85.49600000000002
1395,2013-12-29 03:00:00,77.505
1396,2013-12-29 04:00:00,81.532
1397,2013-12-29 05:00:00,89.959
1398,2013-12-29 06:00:00,88.09700000000002
1399,2013-12-29 07:00:00,99.44
1400,2013-12-29 08:00:00,118.45299999999999
1401,2013-12-29 09:00:00,142.483
1402,2013-12-29 10:00:00,170.57799999999997
1403,2013-12-29 11:00:00,215.74900000000002
1404,2013-12-29 12:00:00,191.012
1405,2013-12-29 13:00:00,187.32
1406,2013-12-29 14:00:00,276.735
1407,2013-12-29 15:00:00,242.993
1408,2013-12-29 16:00:00,278.011
1409,2013-12-29 17:00:00,244.226
1410,2013-12-29 18:00:00,303.92900000000003
1411,2013-12-29 19:00:00,255.54
1412,2013-12-29 20:00:00,236.987
1413,2013-12-29 21:00:00,210.925
1414,2013-12-29 22:00:00,221.665
1415,2013-12-29 23:00:00,210.186
1416,2013-12-30 00:00:00,159.666
1417,2013-12-30 01:00:00,123.859
1418,2013-12-30 02:00:00,78.619
1419,2013-12-30 03:00:00,85.788
1420,2013-12-30 04:00:00,81.21799999999998
1421,2013-12-30 05:00:00,86.53200000000001
1422,2013-12-30 06:00:00,108.929
1423,2013-12-30 07:00:00,110.249
1424,2013-12-30 08:00:00,199.687
1425,2013-12-30 09:00:00,281.268
1426,2013-12-30 10:00:00,367.57
1427,2013-12-30 11:00:00,456.369
1428,2013-12-30 12:00:00,434.866
1429,2013-12-30 13:00:00,414.29
1430,2013-12-30 14:00:00,362.602
1431,2013-12-30 15:00:00,428.39
1432,2013-12-30 16:00:00,415.57599999999996
1433,2013-12-30 17:00:00,389.19199999999995
1434,2013-12-30 18:00:00,393.867
1435,2013-12-30 19:00:00,321.834
1436,2013-12-30 20:00:00,309.874
1437,2013-12-30 21:00:00,239.999
1438,2013-12-30 22:00:00,203.128
1439,2013-12-30 23:00:00,141.833
1440,2013-12-31 00:00:00,152.33100000000005
1441,2013-12-31 01:00:00,97.191
1442,2013-12-31 02:00:00,95.96700000000001
1443,2013-12-31 03:00:00,86.066
1444,2013-12-31 04:00:00,88.639
1445,2013-12-31 05:00:00,104.669
1446,2013-12-31 06:00:00,97.24799999999999
1447,2013-12-31 07:00:00,125.243
1448,2013-12-31 08:00:00,215.40200000000002
1449,2013-12-31 09:00:00,324.947
1450,2013-12-31 10:00:00,264.782
1451,2013-12-31 11:00:00,320.297
1452,2013-12-31 12:00:00,327.351
1453,2013-12-31 13:00:00,255.40200000000002
1454,2013-12-31 14:00:00,295.79900000000004
1455,2013-12-31 15:00:00,312.564
1456,2013-12-31 16:00:00,290.126
1457,2013-12-31 17:00:00,357.45599999999996
1458,2013-12-31 18:00:00,290.842
1459,2013-12-31 19:00:00,245.08700000000002
1460,2013-12-31 20:00:00,194.998
1461,2013-12-31 21:00:00,246.973
1462,2013-12-31 22:00:00,237.109
1463,2013-12-31 23:00:00,269.531
1464,2014-01-01 00:00:00,704.4739999999999
1465,2014-01-01 01:00:00,239.787
1466,2014-01-01 02:00:00,123.48299999999999
1467,2014-01-01 03:00:00,43.983
1468,2014-01-01 04:00:00,51.75899999999999
1469,2014-01-01 05:00:00,35.565
1470,2014-01-01 06:00:00,26.7
1471,2014-01-01 07:00:00,47.681000000000004
1472,2014-01-01 08:00:00,87.102
1473,2014-01-01 09:00:00,152.237
1474,2014-01-01 10:00:00,197.649
1475,2014-01-01 11:00:00,243.21400000000003
1476,2014-01-01 12:00:00,204.55700000000002
1477,2014-01-01 13:00:00,189.236
1478,2014-01-01 14:00:00,164.23399999999995
1479,2014-01-01 15:00:00,152.303
1480,2014-01-01 16:00:00,180.649
1481,2014-01-01 17:00:00,184.984
1482,2014-01-01 18:00:00,211.46400000000003
1483,2014-01-01 19:00:00,215.394
1484,2014-01-01 20:00:00,190.57299999999998
1485,2014-01-01 21:00:00,116.85799999999999
1486,2014-01-01 22:00:00,142.416
1487,2014-01-01 23:00:00,78.197
